hitid,workerid,raw_json
66bcb3acc2bf9a8a4fb322dd,65cb605ecaa971e945546b63,"{'0': {'PageLoad': '2024-08-14T22:47:17.208Z'}, '1': {'FluencyInput': [{'id': 0, 'iid': 0, 'name': 'freak', 'time': '2024-08-14T22:47:22.129Z'}, {'id': 1, 'iid': 1, 'name': 'fine', 'time': '2024-08-14T22:47:23.746Z'}, {'id': 2, 'iid': 2, 'name': 'follow', 'time': '2024-08-14T22:47:27.098Z'}, {'id': 3, 'iid': 3, 'name': 'flower', 'time': '2024-08-14T22:47:29.372Z'}, {'id': 4, 'iid': 4, 'name': 'fry', 'time': '2024-08-14T22:47:36.408Z'}, {'id': 5, 'iid': 5, 'name': 'fellow', 'time': '2024-08-14T22:47:43.800Z'}, {'id': 6, 'iid': 6, 'name': 'fell', 'time': '2024-08-14T22:47:45.996Z'}, {'id': 7, 'iid': 7, 'name': 'fall', 'time': '2024-08-14T22:47:47.396Z'}, {'id': 8, 'iid': 8, 'name': 'fallen', 'time': '2024-08-14T22:47:50.357Z'}, {'id': 9, 'iid': 9, 'name': 'frown', 'time': '2024-08-14T22:47:56.910Z'}]}, '2': {'HideTime': 0}, '3': 'absent', '4': {'How Creative?': '35', 'Increased AI use makes you feel': 'More concerned than excited'}, '5': {'PageLoad': '2024-08-14T22:48:39.702Z'}, '6': {'Round': 'practice', 'Prompt': 'blue', 'onTime': True, 'Response': 'cream'}, '7': {'Round': 'practice', 'Prompt': 'candle', 'onTime': True, 'Response': 'candle'}, '8': {'Round': 'practice', 'Prompt': 'door', 'onTime': True, 'Response': 'black'}, '9': {'Round': 'test', 'Prompt': 'pit', 'onTime': True, 'Response': 'black'}, '10': {'HideTime': 4.915}, 'hitId': '66bcb3acc2bf9a8a4fb322dd', 'feedback': {'q1': 'Very difficult', 'q2': 'More concerned than excited', 'q3': 'Agree', 'q4': 'Not at all helpful', 'q6': 'no strategu', 'q7': 'no', 'sliderValue': '6'}, 'workerId': '65cb605ecaa971e945546b63', 'assignmentId': '66bd33da66eb7cb0b592137e', 'ts_submitted_': '2024-08-14T22:53:55.144Z'}"
66bcb3acc2bf9a8a4fb322dd,665a0b65c7e70e48ff7f2188,"{'0': {'PageLoad': '2024-08-14T22:46:15.863Z'}, '1': {'FluencyInput': [{'id': 0, 'iid': 0, 'name': 'FRIED', 'time': '2024-08-14T22:46:21.948Z'}, {'id': 1, 'iid': 1, 'name': 'fry', 'time': '2024-08-14T22:46:25.548Z'}, {'id': 2, 'iid': 2, 'name': 'fridge', 'time': '2024-08-14T22:46:29.708Z'}, {'id': 3, 'iid': 3, 'name': 'find', 'time': '2024-08-14T22:46:32.836Z'}, {'id': 4, 'iid': 4, 'name': 'felt', 'time': '2024-08-14T22:46:35.116Z'}, {'id': 5, 'iid': 5, 'name': 'fall', 'time': '2024-08-14T22:46:38.436Z'}, {'id': 6, 'iid': 6, 'name': 'fell', 'time': '2024-08-14T22:46:40.652Z'}, {'id': 7, 'iid': 7, 'name': 'felt', 'time': '2024-08-14T22:46:43.492Z'}, {'id': 11, 'iid': 11, 'name': 'faraway', 'time': '2024-08-14T22:46:58.380Z'}, {'id': 12, 'iid': 12, 'name': 'far', 'time': '2024-08-14T22:47:09.668Z'}]}, '2': {'HideTime': 0}, '3': 'coach', '4': {'How Creative?': '44', 'Increased AI use makes you feel': 'Equally excited and concerned'}, '5': {'PageLoad': '2024-08-14T22:47:56.621Z'}, '6': {'Round': 'practice', 'Prompt': 'candle', 'onTime': True, 'Response': 'candle'}, '7': {'Round': 'practice', 'Prompt': 'pit', 'onTime': False, 'Response': 'car'}, '8': {'Round': 'practice', 'Prompt': 'blue', 'onTime': True, 'Response': 'blue'}, '9': {'Round': 'test', 'Prompt': 'door', 'onTime': True, 'Response': 'sun'}, '10': {'HideTime': 0}, 'hitId': '66bcb3acc2bf9a8a4fb322dd', 'feedback': {'q1': 'Somewhat difficult', 'q2': 'Equally excited and concerned', 'q3': 'Agree', 'q4': 'A little helpful', 'q6': 'thinking of words that link the three words .', 'q7': 'no .', 'sliderValue': '41'}, 'workerId': '665a0b65c7e70e48ff7f2188', 'assignmentId': '66bd3381cf435bffc5409d8d', 'ts_submitted_': '2024-08-14T22:54:30.260Z'}"
66bcb3acc2bf9a8a4fb322dd,5e73ed268c8f27364de746c5,"{'0': {'PageLoad': '2024-08-14T22:49:53.063Z'}, '1': {'FluencyInput': [{'id': 0, 'iid': 0, 'name': 'Fish', 'time': '2024-08-14T22:50:00.432Z'}, {'id': 1, 'iid': 1, 'name': 'Fiddle', 'time': '2024-08-14T22:50:04.947Z'}, {'id': 2, 'iid': 2, 'name': 'Find', 'time': '2024-08-14T22:50:10.104Z'}, {'id': 3, 'iid': 3, 'name': 'Fuck', 'time': '2024-08-14T22:50:13.358Z'}, {'id': 4, 'iid': 4, 'name': 'Fondle', 'time': '2024-08-14T22:50:17.116Z'}, {'id': 5, 'iid': 5, 'name': 'Funny', 'time': '2024-08-14T22:50:21.537Z'}, {'id': 6, 'iid': 6, 'name': 'Fond', 'time': '2024-08-14T22:50:26.113Z'}, {'id': 7, 'iid': 7, 'name': 'Fan', 'time': '2024-08-14T22:50:31.532Z'}, {'id': 8, 'iid': 8, 'name': 'Fire', 'time': '2024-08-14T22:50:34.154Z'}, {'id': 9, 'iid': 9, 'name': 'Fall', 'time': '2024-08-14T22:50:36.877Z'}, {'id': 10, 'iid': 10, 'name': 'Fin', 'time': '2024-08-14T22:50:40.487Z'}, {'id': 11, 'iid': 11, 'name': 'Fat', 'time': '2024-08-14T22:50:45.218Z'}]}, '2': {'HideTime': 0}, '3': 'absent', '4': {'How Creative?': '16', 'Increased AI use makes you feel': 'More excited than concerned'}, '5': {'PageLoad': '2024-08-14T22:51:50.632Z'}, '6': {'Round': 'practice', 'Prompt': 'pit', 'onTime': True, 'Response': 'Black'}, '7': {'Round': 'practice', 'Prompt': 'candle', 'onTime': True, 'Response': 'Cake'}, '8': {'Round': 'practice', 'Prompt': 'door', 'onTime': True, 'Response': 'Door'}, '9': {'Round': 'test', 'Prompt': 'blue', 'onTime': True, 'Response': 'Black'}, '10': {'HideTime': 0}, 'hitId': '66bcb3acc2bf9a8a4fb322dd', 'feedback': {'q1': 'Somewhat difficult', 'q2': 'More excited than concerned', 'q3': 'Agree', 'q4': 'A little helpful', 'q6': 'Trying to find a word that fitted with all of the words ', 'q7': 'No', 'sliderValue': '8'}, 'workerId': '5e73ed268c8f27364de746c5', 'assignmentId': '66bd34578d9f823e8723cf2e', 'ts_submitted_': '2024-08-14T22:56:58.089Z'}"
66bcb3acc2bf9a8a4fb322dd,66b56fb7e630a6807aafcf31,"{'0': {'PageLoad': '2024-08-14T22:47:48.620Z'}, '1': {'FluencyInput': [{'id': 3, 'iid': 3, 'name': 'FRENCH', 'time': '2024-08-14T22:48:27.285Z'}, {'id': 4, 'iid': 4, 'name': 'FARM', 'time': '2024-08-14T22:48:33.367Z'}, {'id': 5, 'iid': 5, 'name': 'FAST', 'time': '2024-08-14T22:48:40.772Z'}, {'id': 6, 'iid': 6, 'name': 'FACT', 'time': '2024-08-14T22:48:44.010Z'}]}, '2': {'HideTime': 1.074}, '3': 'absent', '4': {'How Creative?': '58', 'Increased AI use makes you feel': 'More concerned than excited'}, '5': {'PageLoad': '2024-08-14T22:50:00.837Z'}, '6': {'Round': 'practice', 'Prompt': 'blue', 'onTime': True, 'Response': 'BLUE'}, '7': {'Round': 'practice', 'Prompt': 'pit', 'onTime': False, 'Response': 'HEAVY'}, '8': {'Round': 'practice', 'Prompt': 'candle', 'onTime': True, 'Response': 'JOY'}, '9': {'Round': 'test', 'Prompt': 'door', 'onTime': True, 'Response': 'BAD'}, '10': {'HideTime': 40.038}, 'hitId': '66bcb3acc2bf9a8a4fb322dd', 'feedback': {'q1': 'Somewhat difficult', 'q2': 'Equally excited and concerned', 'q3': 'Agree', 'q4': 'Very helpful', 'q6': 'I FORMED A SHORT SENTENCE BEFORE CONSIDERING THE WORD ', 'q7': 'NONE ', 'sliderValue': '71'}, 'workerId': '66b56fb7e630a6807aafcf31', 'assignmentId': '66bd33b37244bdb4bb544b83', 'ts_submitted_': '2024-08-14T22:57:09.053Z'}"
66bcb3acc2bf9a8a4fb322dd,62b072828cfef4de9971753b,"{'0': {'PageLoad': '2024-08-14T22:50:14.914Z'}, '1': {'FluencyInput': [{'id': 0, 'iid': 0, 'name': 'frog', 'time': '2024-08-14T22:50:19.017Z'}, {'id': 1, 'iid': 1, 'name': 'faint', 'time': '2024-08-14T22:50:21.126Z'}, {'id': 2, 'iid': 2, 'name': 'fail', 'time': '2024-08-14T22:50:22.176Z'}, {'id': 3, 'iid': 3, 'name': 'fish', 'time': '2024-08-14T22:50:23.696Z'}, {'id': 4, 'iid': 4, 'name': 'fine', 'time': '2024-08-14T22:50:26.995Z'}, {'id': 5, 'iid': 5, 'name': 'flog', 'time': '2024-08-14T22:50:33.495Z'}, {'id': 6, 'iid': 6, 'name': 'fib', 'time': '2024-08-14T22:50:37.265Z'}, {'id': 7, 'iid': 7, 'name': 'flirt', 'time': '2024-08-14T22:50:39.525Z'}, {'id': 8, 'iid': 8, 'name': 'flung', 'time': '2024-08-14T22:50:41.016Z'}, {'id': 9, 'iid': 9, 'name': 'fabulous', 'time': '2024-08-14T22:50:48.196Z'}, {'id': 10, 'iid': 10, 'name': 'funny', 'time': '2024-08-14T22:50:52.836Z'}, {'id': 11, 'iid': 11, 'name': 'finland', 'time': '2024-08-14T22:50:57.827Z'}, {'id': 12, 'iid': 12, 'name': 'finnish', 'time': '2024-08-14T22:51:00.146Z'}, {'id': 13, 'iid': 13, 'name': 'finish', 'time': '2024-08-14T22:51:05.575Z'}, {'id': 14, 'iid': 14, 'name': 'flag', 'time': '2024-08-14T22:51:07.629Z'}, {'id': 15, 'iid': 15, 'name': 'flags', 'time': '2024-08-14T22:51:09.046Z'}, {'id': 16, 'iid': 16, 'name': 'flagger', 'time': '2024-08-14T22:51:11.706Z'}]}, '2': {'HideTime': 0}, '3': 'generate', '4': {'How Creative?': '24', 'Increased AI use makes you feel': 'Equally excited and concerned'}, '5': {'PageLoad': '2024-08-14T22:51:49.441Z'}, '6': {'Round': 'practice', 'Prompt': 'candle', 'onTime': True, 'Response': 'candle light'}, '7': {'Round': 'practice', 'Prompt': 'door', 'onTime': True, 'Response': 'door'}, '8': {'Round': 'practice', 'Prompt': 'blue', 'onTime': True, 'Response': 'blue'}, '9': {'Round': 'test', 'Prompt': 'pit', 'onTime': True, 'Response': 'squeeze'}, '10': {'HideTime': 0}, 'hitId': '66bcb3acc2bf9a8a4fb322dd', 'feedback': {'q1': 'Very difficult', 'q2': 'Equally excited and concerned', 'q3': 'Agree', 'q4': 'A little helpful', 'q6': 'Keep saying all the words until something came up', 'q7': 'None', 'sliderValue': '20'}, 'workerId': '62b072828cfef4de9971753b', 'assignmentId': '66bd347d855b50e0f577f1d1', 'ts_submitted_': '2024-08-14T22:57:19.706Z'}"
66bcb3acc2bf9a8a4fb322dd,66bbb0dda9cc4e6ef4b3e1e6,"{'0': {'PageLoad': '2024-08-14T22:51:02.615Z'}, '1': {'FluencyInput': [{'id': 0, 'iid': 0, 'name': 'fort', 'time': '2024-08-14T22:51:08.463Z'}, {'id': 1, 'iid': 1, 'name': 'fight', 'time': '2024-08-14T22:51:10.136Z'}, {'id': 2, 'iid': 2, 'name': 'four', 'time': '2024-08-14T22:51:12.293Z'}, {'id': 3, 'iid': 3, 'name': 'five', 'time': '2024-08-14T22:51:13.075Z'}, {'id': 4, 'iid': 4, 'name': 'fifteen', 'time': '2024-08-14T22:51:14.632Z'}, {'id': 5, 'iid': 5, 'name': 'fourteen', 'time': '2024-08-14T22:51:15.865Z'}, {'id': 6, 'iid': 6, 'name': 'fill', 'time': '2024-08-14T22:51:18.188Z'}, {'id': 7, 'iid': 7, 'name': 'file', 'time': '2024-08-14T22:51:18.764Z'}, {'id': 8, 'iid': 8, 'name': 'find', 'time': '2024-08-14T22:51:20.550Z'}, {'id': 9, 'iid': 9, 'name': 'flight', 'time': '2024-08-14T22:51:22.801Z'}, {'id': 10, 'iid': 10, 'name': 'fork', 'time': '2024-08-14T22:51:27.950Z'}, {'id': 11, 'iid': 11, 'name': 'fun', 'time': '2024-08-14T22:51:29.646Z'}, {'id': 12, 'iid': 12, 'name': 'full', 'time': '2024-08-14T22:51:32.827Z'}, {'id': 13, 'iid': 13, 'name': 'fright', 'time': '2024-08-14T22:51:34.917Z'}, {'id': 14, 'iid': 14, 'name': 'fickle', 'time': '2024-08-14T22:51:38.031Z'}, {'id': 15, 'iid': 15, 'name': 'flute', 'time': '2024-08-14T22:51:44.036Z'}, {'id': 16, 'iid': 16, 'name': 'fume', 'time': '2024-08-14T22:51:48.184Z'}, {'id': 17, 'iid': 17, 'name': 'fumed', 'time': '2024-08-14T22:51:50.519Z'}, {'id': 18, 'iid': 18, 'name': 'fore', 'time': '2024-08-14T22:51:54.102Z'}, {'id': 19, 'iid': 19, 'name': 'forhead', 'time': '2024-08-14T22:51:57.592Z'}, {'id': 20, 'iid': 20, 'name': 'fur', 'time': '2024-08-14T22:52:01.612Z'}]}, '2': {'HideTime': 0}, '3': 'coach', '4': {'How Creative?': '86', 'Increased AI use makes you feel': 'More concerned than excited'}, '5': {'PageLoad': '2024-08-14T22:52:24.117Z'}, '6': {'Round': 'practice', 'Prompt': 'door', 'onTime': True, 'Response': 'catch'}, '7': {'Round': 'practice', 'Prompt': 'pit', 'onTime': True, 'Response': 'construction'}, '8': {'Round': 'practice', 'Prompt': 'blue', 'onTime': True, 'Response': 'flower'}, '9': {'Round': 'test', 'Prompt': 'candle', 'onTime': True, 'Response': 'candle'}, '10': {'HideTime': 0.951}, 'hitId': '66bcb3acc2bf9a8a4fb322dd', 'feedback': {'q1': 'Somewhat difficult', 'q2': 'More excited than concerned', 'q3': 'Agree', 'q4': 'A little helpful', 'q6': 'I imagined them in my head and then it was easier to come with a solution', 'q7': 'nope', 'sliderValue': '52'}, 'workerId': '66bbb0dda9cc4e6ef4b3e1e6', 'assignmentId': '66bd34c0ed3a74f925bd13fd', 'ts_submitted_': '2024-08-14T22:57:21.229Z'}"
66bcb3acc2bf9a8a4fb322dd,657d19e9624566442ebc112f,"{'0': {'PageLoad': '2024-08-14T22:49:01.632Z'}, '1': {'FluencyInput': [{'id': 0, 'iid': 0, 'name': 'foul file firm film fan for four fill find fend fin fall fast fun ', 'time': '2024-08-14T22:50:00.712Z'}]}, '2': {'HideTime': 0}, '3': 'coach', '4': {'How Creative?': '60', 'Increased AI use makes you feel': 'More concerned than excited'}, '5': {'PageLoad': '2024-08-14T22:51:36.245Z'}, '6': {'Round': 'practice', 'Prompt': 'candle', 'onTime': False, 'Response': 'event'}, '7': {'Round': 'practice', 'Prompt': 'door', 'onTime': True, 'Response': 'support'}, '8': {'Round': 'practice', 'Prompt': 'pit', 'onTime': False, 'Response': 'tear'}, '9': {'Round': 'test', 'Prompt': 'blue', 'onTime': True, 'Response': 'sweet'}, '10': {'HideTime': 0}, 'hitId': '66bcb3acc2bf9a8a4fb322dd', 'feedback': {'q1': 'Very difficult', 'q2': 'More concerned than excited', 'q3': 'Agree', 'q4': 'A little helpful', 'q6': 'My strategy was trying to say words that could fit the three words', 'q7': 'no', 'sliderValue': '20'}, 'workerId': '657d19e9624566442ebc112f', 'assignmentId': '66bd33d685a02e487900f08d', 'ts_submitted_': '2024-08-14T22:57:21.357Z'}"
66bcb3acc2bf9a8a4fb322dd,6696be83d1acdaafee806dae,"{'0': {'PageLoad': '2024-08-14T22:50:21.373Z'}, '1': {'FluencyInput': [{'id': 0, 'iid': 0, 'name': 'FINE', 'time': '2024-08-14T22:50:38.917Z'}, {'id': 1, 'iid': 1, 'name': 'FRANK ', 'time': '2024-08-14T22:50:42.277Z'}, {'id': 2, 'iid': 2, 'name': 'FINGER', 'time': '2024-08-14T22:50:50.084Z'}, {'id': 3, 'iid': 3, 'name': 'FUTURE', 'time': '2024-08-14T22:50:52.820Z'}, {'id': 4, 'iid': 4, 'name': 'FAR', 'time': '2024-08-14T22:50:59.428Z'}, {'id': 5, 'iid': 5, 'name': 'FURTHER', 'time': '2024-08-14T22:51:00.932Z'}, {'id': 6, 'iid': 6, 'name': 'FROWN', 'time': '2024-08-14T22:51:05.300Z'}]}, '2': {'HideTime': 0}, '3': 'generate', '4': {'How Creative?': '52', 'Increased AI use makes you feel': 'More concerned than excited'}, '5': {'PageLoad': '2024-08-14T22:52:07.885Z'}, '6': {'Round': 'practice', 'Prompt': 'pit', 'onTime': True, 'Response': 'PIT'}, '7': {'Round': 'practice', 'Prompt': 'blue', 'onTime': True, 'Response': 'BLUE'}, '8': {'Round': 'practice', 'Prompt': 'door', 'onTime': True, 'Response': 'PORCH'}, '9': {'Round': 'test', 'Prompt': 'candle', 'onTime': True, 'Response': 'CAKE'}, '10': {'HideTime': 0}, 'hitId': '66bcb3acc2bf9a8a4fb322dd', 'feedback': {'q1': 'Very difficult', 'q2': 'More concerned than excited', 'q3': 'Agree', 'q4': 'Not at all helpful', 'q6': 'TRIED TO MATCH ALL THREE WORDS', 'q7': 'NO', 'sliderValue': '10'}, 'workerId': '6696be83d1acdaafee806dae', 'assignmentId': '66bd3466e98410ce995856f3', 'ts_submitted_': '2024-08-14T22:57:53.777Z'}"
66bcb3acc2bf9a8a4fb322dd,6041090425e6e2086a2ba82d,"{'0': {'PageLoad': '2024-08-14T22:50:12.409Z'}, '1': {'FluencyInput': [{'id': 1, 'iid': 1, 'name': 'feud', 'time': '2024-08-14T22:50:23.317Z'}, {'id': 2, 'iid': 2, 'name': 'frog', 'time': '2024-08-14T22:50:27.133Z'}, {'id': 3, 'iid': 3, 'name': 'fat', 'time': '2024-08-14T22:50:30.735Z'}, {'id': 4, 'iid': 4, 'name': 'fresh', 'time': '2024-08-14T22:50:35.368Z'}, {'id': 5, 'iid': 5, 'name': 'fragrant', 'time': '2024-08-14T22:50:40.171Z'}, {'id': 6, 'iid': 6, 'name': 'frosty', 'time': '2024-08-14T22:50:51.339Z'}, {'id': 7, 'iid': 7, 'name': 'fake', 'time': '2024-08-14T22:50:55.270Z'}, {'id': 8, 'iid': 8, 'name': 'flake', 'time': '2024-08-14T22:50:59.098Z'}, {'id': 9, 'iid': 9, 'name': 'fazed', 'time': '2024-08-14T22:51:04.403Z'}, {'id': 10, 'iid': 10, 'name': 'famous', 'time': '2024-08-14T22:51:09.566Z'}]}, '2': {'HideTime': 0}, '3': 'generate', '4': {'How Creative?': '20', 'Increased AI use makes you feel': 'More concerned than excited'}, '5': {'PageLoad': '2024-08-14T22:52:02.131Z'}, '6': {'Round': 'practice', 'Prompt': 'candle', 'onTime': True, 'Response': 'candle'}, '7': {'Round': 'practice', 'Prompt': 'door', 'onTime': True, 'Response': 'door'}, '8': {'Round': 'practice', 'Prompt': 'blue', 'onTime': True, 'Response': 'blue'}, '9': {'Round': 'test', 'Prompt': 'pit', 'onTime': True, 'Response': 'pit'}, '10': {'HideTime': 0}, 'hitId': '66bcb3acc2bf9a8a4fb322dd', 'feedback': {'q1': 'Very difficult', 'q2': 'Equally excited and concerned', 'q3': 'Agree', 'q4': 'Very helpful', 'q6': 'i had to say the word aloud to think of associations', 'q7': 'no', 'sliderValue': '20'}, 'workerId': '6041090425e6e2086a2ba82d', 'assignmentId': '66bd3476e66d26e486cf62da', 'ts_submitted_': '2024-08-14T22:58:11.091Z'}"
66bcb3acc2bf9a8a4fb322dd,63287e459b46ae4db8542e9d,"{'0': {'PageLoad': '2024-08-14T22:50:17.309Z'}, '1': {'FluencyInput': [{'id': 0, 'iid': 0, 'name': 'fox', 'time': '2024-08-14T22:50:22.958Z'}, {'id': 1, 'iid': 1, 'name': 'fang', 'time': '2024-08-14T22:50:27.399Z'}, {'id': 2, 'iid': 2, 'name': 'friend', 'time': '2024-08-14T22:50:44.775Z'}, {'id': 3, 'iid': 3, 'name': 'focus', 'time': '2024-08-14T22:50:49.459Z'}, {'id': 4, 'iid': 4, 'name': 'flavour', 'time': '2024-08-14T22:51:01.621Z'}, {'id': 5, 'iid': 5, 'name': 'friendship', 'time': '2024-08-14T22:51:10.366Z'}]}, '2': {'HideTime': 6.983}, '3': 'coach', '4': {'How Creative?': '30', 'Increased AI use makes you feel': 'More concerned than excited'}, '5': {'PageLoad': '2024-08-14T22:51:48.902Z'}, '6': {'Round': 'practice', 'Prompt': 'blue', 'onTime': True, 'Response': 'blueberry'}, '7': {'Round': 'practice', 'Prompt': 'door', 'onTime': True, 'Response': 'backdoor'}, '8': {'Round': 'practice', 'Prompt': 'pit', 'onTime': True, 'Response': 'no idea'}, '9': {'Round': 'test', 'Prompt': 'candle', 'onTime': True, 'Response': 'Candlestick'}, '10': {'HideTime': 109.994}, 'hitId': '66bcb3acc2bf9a8a4fb322dd', 'feedback': {'q1': 'Very difficult', 'q2': 'More concerned than excited', 'q3': 'Agree', 'q4': 'Very helpful', 'q6': 'Fire is light and bright\nStick may have something on it\nCandle Stick\nAs the flame of the candle is light', 'q7': 'No', 'sliderValue': '20'}, 'workerId': '63287e459b46ae4db8542e9d', 'assignmentId': '66bd3475faaef51113276a63', 'ts_submitted_': '2024-08-14T22:58:44.645Z'}"
66bcb3acc2bf9a8a4fb322dd,63a3375101319bb7cb39f654,"{'0': {'PageLoad': '2024-08-14T22:51:41.549Z'}, '1': {'FluencyInput': [{'id': 0, 'iid': 0, 'name': 'Farm, Fat,Foot,Fan,Fad,Finger,feet,favor,fish,funny', 'time': '2024-08-14T22:52:41.921Z'}]}, '2': {'HideTime': 0}, '3': 'absent', '4': {'How Creative?': '52', 'Increased AI use makes you feel': 'More excited than concerned'}, '5': {'PageLoad': '2024-08-14T22:53:24.872Z'}, '6': {'Round': 'practice', 'Prompt': 'pit', 'onTime': True, 'Response': 'band'}, '7': {'Round': 'practice', 'Prompt': 'candle', 'onTime': True, 'Response': 'bulb'}, '8': {'Round': 'practice', 'Prompt': 'blue', 'onTime': True, 'Response': 'seed'}, '9': {'Round': 'test', 'Prompt': 'door', 'onTime': True, 'Response': 'drop'}, '10': {'HideTime': 0}, 'hitId': '66bcb3acc2bf9a8a4fb322dd', 'feedback': {'q1': 'Somewhat difficult', 'q2': 'More excited than concerned', 'q3': 'Agree', 'q4': 'A little helpful', 'q6': 'finding a match with two words', 'q7': 'no', 'sliderValue': '31'}, 'workerId': '63a3375101319bb7cb39f654', 'assignmentId': '66bd34bcb3b9a375c5f51385', 'ts_submitted_': '2024-08-14T22:58:52.801Z'}"
66bcb3acc2bf9a8a4fb322dd,57d02eeec6c5ed00013fac58,"{'0': {'PageLoad': '2024-08-14T22:52:32.877Z'}, '1': {'FluencyInput': [{'id': 0, 'iid': 0, 'name': 'fridge', 'time': '2024-08-14T22:52:43.085Z'}, {'id': 1, 'iid': 1, 'name': 'frog', 'time': '2024-08-14T22:52:47.872Z'}, {'id': 2, 'iid': 2, 'name': 'fright', 'time': '2024-08-14T22:52:53.522Z'}, {'id': 3, 'iid': 3, 'name': 'fight', 'time': '2024-08-14T22:52:58.146Z'}, {'id': 4, 'iid': 4, 'name': 'frill', 'time': '2024-08-14T22:53:03.180Z'}, {'id': 5, 'iid': 5, 'name': 'frozen', 'time': '2024-08-14T22:53:10.004Z'}, {'id': 6, 'iid': 6, 'name': 'freak', 'time': '2024-08-14T22:53:15.399Z'}, {'id': 7, 'iid': 7, 'name': 'front', 'time': '2024-08-14T22:53:20.773Z'}, {'id': 8, 'iid': 8, 'name': 'flower', 'time': '2024-08-14T22:53:26.725Z'}]}, '2': {'HideTime': 0}, '3': 'coach', '4': {'How Creative?': '27', 'Increased AI use makes you feel': 'More concerned than excited'}, '5': {'PageLoad': '2024-08-14T22:54:47.146Z'}, '6': {'Round': 'practice', 'Prompt': 'pit', 'onTime': True, 'Response': 'black'}, '7': {'Round': 'practice', 'Prompt': 'door', 'onTime': True, 'Response': 'flat'}, '8': {'Round': 'practice', 'Prompt': 'candle', 'onTime': True, 'Response': 'candle'}, '9': {'Round': 'test', 'Prompt': 'blue', 'onTime': True, 'Response': 'black'}, '10': {'HideTime': 0}, 'hitId': '66bcb3acc2bf9a8a4fb322dd', 'feedback': {'q1': 'Very easy', 'q2': 'More concerned than excited', 'q3': 'Agree', 'q4': 'A little helpful', 'q6': 'Something that matched with all the words', 'q7': 'no', 'sliderValue': '29'}, 'workerId': '57d02eeec6c5ed00013fac58', 'assignmentId': '66bd3502f46f10f0e99c1825', 'ts_submitted_': '2024-08-14T23:00:17.216Z'}"
66bcb3acc2bf9a8a4fb322dd,60fd7e8ba4ce504c0ad86690,"{'0': {'PageLoad': '2024-08-14T22:51:33.444Z'}, '1': {'FluencyInput': [{'id': 0, 'iid': 0, 'name': 'father', 'time': '2024-08-14T22:51:37.376Z'}, {'id': 1, 'iid': 1, 'name': 'feather', 'time': '2024-08-14T22:51:40.235Z'}, {'id': 2, 'iid': 2, 'name': 'far', 'time': '2024-08-14T22:51:43.717Z'}, {'id': 3, 'iid': 3, 'name': 'forget', 'time': '2024-08-14T22:51:50.281Z'}, {'id': 4, 'iid': 4, 'name': 'for', 'time': '2024-08-14T22:51:56.311Z'}, {'id': 5, 'iid': 5, 'name': 'firm', 'time': '2024-08-14T22:51:57.945Z'}, {'id': 6, 'iid': 6, 'name': 'flow', 'time': '2024-08-14T22:52:02.310Z'}, {'id': 7, 'iid': 7, 'name': 'find', 'time': '2024-08-14T22:52:06.024Z'}, {'id': 8, 'iid': 8, 'name': 'found', 'time': '2024-08-14T22:52:18.305Z'}, {'id': 9, 'iid': 9, 'name': 'finger', 'time': '2024-08-14T22:52:20.802Z'}, {'id': 10, 'iid': 10, 'name': 'fidget', 'time': '2024-08-14T22:52:31.328Z'}]}, '2': {'HideTime': 0}, '3': 'generate', '4': {'How Creative?': '30', 'Increased AI use makes you feel': 'Equally excited and concerned'}, '5': {'PageLoad': '2024-08-14T22:53:59.606Z'}, '6': {'Round': 'practice', 'Prompt': 'door', 'onTime': True, 'Response': 'door'}, '7': {'Round': 'practice', 'Prompt': 'blue', 'onTime': True, 'Response': 'blue'}, '8': {'Round': 'practice', 'Prompt': 'pit', 'onTime': True, 'Response': 'tar'}, '9': {'Round': 'test', 'Prompt': 'candle', 'onTime': True, 'Response': 'candle'}, '10': {'HideTime': 0}, 'hitId': '66bcb3acc2bf9a8a4fb322dd', 'feedback': {'q1': 'Somewhat easy', 'q2': 'Equally excited and concerned', 'q3': 'Agree', 'q4': 'A little helpful', 'q6': ""I don't think I had a strategy, I read the words and the answer come up in my head."", 'q7': 'No', 'sliderValue': '20'}, 'workerId': '60fd7e8ba4ce504c0ad86690', 'assignmentId': '66bd3489a94e9b4170888e87', 'ts_submitted_': '2024-08-14T23:00:46.177Z'}"
66bcb3acc2bf9a8a4fb322dd,66bcb38a6dd5be8472069812,"{'0': {'PageLoad': '2024-08-14T22:53:00.105Z'}, '1': {'FluencyInput': [{'id': 2, 'iid': 2, 'name': 'Food ', 'time': '2024-08-14T22:53:20.038Z'}, {'id': 3, 'iid': 3, 'name': 'Folly', 'time': '2024-08-14T22:53:22.896Z'}, {'id': 4, 'iid': 4, 'name': 'Faux', 'time': '2024-08-14T22:53:26.162Z'}, {'id': 5, 'iid': 5, 'name': 'Foliage', 'time': '2024-08-14T22:53:29.407Z'}, {'id': 6, 'iid': 6, 'name': 'Fickle ', 'time': '2024-08-14T22:53:32.464Z'}, {'id': 7, 'iid': 7, 'name': 'Fornication', 'time': '2024-08-14T22:53:40.840Z'}, {'id': 8, 'iid': 8, 'name': 'Fool', 'time': '2024-08-14T22:53:46.887Z'}, {'id': 9, 'iid': 9, 'name': 'Forever', 'time': '2024-08-14T22:53:52.645Z'}, {'id': 10, 'iid': 10, 'name': 'Five', 'time': '2024-08-14T22:53:55.463Z'}]}, '2': {'HideTime': 0}, '3': 'absent', '4': {'How Creative?': '56', 'Increased AI use makes you feel': 'Equally excited and concerned'}, '5': {'PageLoad': '2024-08-14T22:54:39.081Z'}, '6': {'Round': 'practice', 'Prompt': 'candle', 'onTime': False, 'Response': 'Candle '}, '7': {'Round': 'practice', 'Prompt': 'pit', 'onTime': True, 'Response': 'Light'}, '8': {'Round': 'practice', 'Prompt': 'door', 'onTime': True, 'Response': 'Door'}, '9': {'Round': 'test', 'Prompt': 'blue', 'onTime': True, 'Response': 'Box'}, '10': {'HideTime': 0}, 'hitId': '66bcb3acc2bf9a8a4fb322dd', 'feedback': {'q1': 'Very difficult', 'q2': 'Equally excited and concerned', 'q3': 'Agree', 'q4': 'A little helpful', 'q6': 'Trying to think of what came to mind first, and if that fit each one.', 'q7': 'Not at all. ', 'sliderValue': '27'}, 'workerId': '66bcb38a6dd5be8472069812', 'assignmentId': '66bd35267609b3832e05d0cf', 'ts_submitted_': '2024-08-14T23:00:52.236Z'}"
66bcb3acc2bf9a8a4fb322dd,63e51bb5c20b885de5559a6a,"{'0': {'PageLoad': '2024-08-14T22:53:08.820Z'}, '1': {'FluencyInput': [{'id': 0, 'iid': 0, 'name': 'fix', 'time': '2024-08-14T22:53:13.744Z'}, {'id': 1, 'iid': 1, 'name': 'fake', 'time': '2024-08-14T22:53:19.227Z'}, {'id': 2, 'iid': 2, 'name': 'faux', 'time': '2024-08-14T22:53:21.721Z'}, {'id': 3, 'iid': 3, 'name': 'flake', 'time': '2024-08-14T22:53:24.156Z'}, {'id': 4, 'iid': 4, 'name': 'freak', 'time': '2024-08-14T22:53:26.873Z'}, {'id': 5, 'iid': 5, 'name': 'fritz', 'time': '2024-08-14T22:53:29.473Z'}, {'id': 6, 'iid': 6, 'name': 'frank', 'time': '2024-08-14T22:53:33.835Z'}, {'id': 7, 'iid': 7, 'name': 'flip', 'time': '2024-08-14T22:53:36.018Z'}, {'id': 8, 'iid': 8, 'name': 'feel', 'time': '2024-08-14T22:53:38.091Z'}, {'id': 9, 'iid': 9, 'name': 'fit', 'time': '2024-08-14T22:53:39.672Z'}, {'id': 10, 'iid': 10, 'name': 'fumble', 'time': '2024-08-14T22:53:43.042Z'}, {'id': 11, 'iid': 11, 'name': 'fidget', 'time': '2024-08-14T22:53:47.672Z'}, {'id': 12, 'iid': 12, 'name': 'far', 'time': '2024-08-14T22:53:55.969Z'}, {'id': 13, 'iid': 13, 'name': 'fear', 'time': '2024-08-14T22:53:59.487Z'}, {'id': 14, 'iid': 14, 'name': 'frightened', 'time': '2024-08-14T22:54:02.989Z'}]}, '2': {'HideTime': 0}, '3': 'coach', '4': {'How Creative?': '53', 'Increased AI use makes you feel': 'Equally excited and concerned'}, '5': {'PageLoad': '2024-08-14T22:55:25.545Z'}, '6': {'Round': 'practice', 'Prompt': 'door', 'onTime': True, 'Response': 'door'}, '7': {'Round': 'practice', 'Prompt': 'pit', 'onTime': True, 'Response': 'pit'}, '8': {'Round': 'practice', 'Prompt': 'blue', 'onTime': True, 'Response': 'blue'}, '9': {'Round': 'test', 'Prompt': 'candle', 'onTime': True, 'Response': 'candle'}, '10': {'HideTime': 0}, 'hitId': '66bcb3acc2bf9a8a4fb322dd', 'feedback': {'q1': 'Very easy', 'q2': 'Equally excited and concerned', 'q3': 'Agree', 'q4': 'Very helpful', 'q6': 'I read the words and focused on birthday, really.', 'q7': 'None', 'sliderValue': '61'}, 'workerId': '63e51bb5c20b885de5559a6a', 'assignmentId': '66bd34e8fd1cd93b682b773b', 'ts_submitted_': '2024-08-14T23:01:24.895Z'}"
66bcb3acc2bf9a8a4fb322dd,5a4d5282c64cfe00011ca483,"{'0': {'PageLoad': '2024-08-14T22:55:25.185Z'}, '1': {'FluencyInput': [{'id': 0, 'iid': 0, 'name': 'Flowers', 'time': '2024-08-14T22:55:30.430Z'}, {'id': 1, 'iid': 1, 'name': 'Forest', 'time': '2024-08-14T22:55:34.528Z'}, {'id': 2, 'iid': 2, 'name': 'Florist', 'time': '2024-08-14T22:55:38.163Z'}, {'id': 3, 'iid': 3, 'name': 'Fawn', 'time': '2024-08-14T22:55:42.514Z'}, {'id': 4, 'iid': 4, 'name': 'Free', 'time': '2024-08-14T22:55:45.730Z'}, {'id': 5, 'iid': 5, 'name': 'Factual', 'time': '2024-08-14T22:55:51.113Z'}, {'id': 6, 'iid': 6, 'name': 'Fart', 'time': '2024-08-14T22:55:54.939Z'}, {'id': 7, 'iid': 7, 'name': 'Fragile', 'time': '2024-08-14T22:56:05.863Z'}, {'id': 8, 'iid': 8, 'name': 'First ', 'time': '2024-08-14T22:56:09.609Z'}, {'id': 9, 'iid': 9, 'name': 'Frozen', 'time': '2024-08-14T22:56:12.860Z'}, {'id': 10, 'iid': 10, 'name': 'Freedom', 'time': '2024-08-14T22:56:17.608Z'}, {'id': 11, 'iid': 11, 'name': 'For ', 'time': '2024-08-14T22:56:23.028Z'}]}, '2': {'HideTime': 0}, '3': 'generate', '4': {'How Creative?': '100', 'Increased AI use makes you feel': 'More concerned than excited'}, '5': {'PageLoad': '2024-08-14T22:58:00.125Z'}, '6': {'Round': 'practice', 'Prompt': 'pit', 'onTime': True, 'Response': 'Pit'}, '7': {'Round': 'practice', 'Prompt': 'door', 'onTime': True, 'Response': 'Door'}, '8': {'Round': 'practice', 'Prompt': 'blue', 'onTime': True, 'Response': 'Blue'}, '9': {'Round': 'test', 'Prompt': 'candle', 'onTime': False, 'Response': 'Candle'}, '10': {'HideTime': 0}, 'hitId': '66bcb3acc2bf9a8a4fb322dd', 'feedback': {'q1': 'Somewhat difficult', 'q2': 'More concerned than excited', 'q3': 'Agree', 'q4': 'A little helpful', 'q6': 'I was just thinking of different words that would go ', 'q7': 'No', 'sliderValue': '100'}, 'workerId': '5a4d5282c64cfe00011ca483', 'assignmentId': '66bd353e85546099411bf80e', 'ts_submitted_': '2024-08-14T23:06:14.683Z'}"
66bcb3acc2bf9a8a4fb322dd,66ba9770b75c648d933115dd,"{'0': {'PageLoad': '2024-08-14T22:52:49.109Z'}, '1': {'FluencyInput': [{'id': 0, 'iid': 0, 'name': 'find', 'time': '2024-08-14T22:53:05.541Z'}, {'id': 1, 'iid': 1, 'name': 'full', 'time': '2024-08-14T22:53:15.045Z'}, {'id': 2, 'iid': 2, 'name': 'father', 'time': '2024-08-14T22:53:21.981Z'}, {'id': 3, 'iid': 3, 'name': 'Feather', 'time': '2024-08-14T22:53:30.314Z'}, {'id': 4, 'iid': 4, 'name': 'Fun', 'time': '2024-08-14T22:53:36.937Z'}, {'id': 5, 'iid': 5, 'name': 'Future', 'time': '2024-08-14T22:53:43.185Z'}, {'id': 6, 'iid': 6, 'name': 'Few', 'time': '2024-08-14T22:53:47.556Z'}]}, '2': {'HideTime': 0}, '3': 'absent', '4': {'How Creative?': '80', 'Increased AI use makes you feel': 'More concerned than excited'}, '5': {'PageLoad': '2024-08-14T22:54:51.396Z'}, '6': {'Round': 'practice', 'Prompt': 'candle', 'onTime': False, 'Response': 'light off / birthday light'}, '7': {'Round': 'practice', 'Prompt': 'pit', 'onTime': True, 'Response': 'peach drink/ arm rest/ tar road'}, '8': {'Round': 'practice', 'Prompt': 'door', 'onTime': True, 'Response': 'trap door/ back door/ phone screen'}, '9': {'Round': 'test', 'Prompt': 'blue', 'onTime': True, 'Response': 'print page/ black berry/ birdfly'}, '10': {'HideTime': 0}, 'hitId': '66bcb3acc2bf9a8a4fb322dd', 'feedback': {'q1': 'Somewhat difficult', 'q2': 'More excited than concerned', 'q3': 'Agree', 'q4': 'A little helpful', 'q6': 'i was using items around me to complete the task', 'q7': 'everything was fine', 'sliderValue': '80'}, 'workerId': '66ba9770b75c648d933115dd', 'assignmentId': '66bd34f506e06c4d51e49745', 'ts_submitted_': '2024-08-14T23:01:36.428Z'}"
66bcb3acc2bf9a8a4fb322dd,666b002b5f3a246f3c2cee76,"{'0': {'PageLoad': '2024-08-14T22:53:03.981Z'}, '1': {'FluencyInput': [{'id': 0, 'iid': 0, 'name': 'Fast', 'time': '2024-08-14T22:53:26.163Z'}, {'id': 1, 'iid': 1, 'name': 'Forget', 'time': '2024-08-14T22:53:32.518Z'}, {'id': 2, 'iid': 2, 'name': 'For', 'time': '2024-08-14T22:53:36.778Z'}, {'id': 3, 'iid': 3, 'name': 'Forgetful', 'time': '2024-08-14T22:53:44.030Z'}, {'id': 4, 'iid': 4, 'name': 'Fastest', 'time': '2024-08-14T22:53:48.456Z'}, {'id': 5, 'iid': 5, 'name': 'Foreign ', 'time': '2024-08-14T22:53:54.929Z'}, {'id': 6, 'iid': 6, 'name': 'Forever ', 'time': '2024-08-14T22:53:59.903Z'}]}, '2': {'HideTime': 0}, '3': 'absent', '4': {'How Creative?': '60', 'Increased AI use makes you feel': 'Equally excited and concerned'}, '5': {'PageLoad': '2024-08-14T22:55:15.663Z'}, '6': {'Round': 'practice', 'Prompt': 'pit', 'onTime': True, 'Response': 'Not sure '}, '7': {'Round': 'practice', 'Prompt': 'candle', 'onTime': True, 'Response': 'Cake'}, '8': {'Round': 'practice', 'Prompt': 'blue', 'onTime': True, 'Response': 'Blue'}, '9': {'Round': 'test', 'Prompt': 'door', 'onTime': False, 'Response': 'Touch'}, '10': {'HideTime': 0}, 'hitId': '66bcb3acc2bf9a8a4fb322dd', 'feedback': {'q1': 'Very difficult', 'q2': 'Equally excited and concerned', 'q3': 'Agree', 'q4': 'Very helpful', 'q6': 'Looking at one word at a time and thinking about words that compound/connect with that specific word and then seeing if it could also be applied to the other words.', 'q7': 'No', 'sliderValue': '60'}, 'workerId': '666b002b5f3a246f3c2cee76', 'assignmentId': '66bd3517e613e7bfcf5295ab', 'ts_submitted_': '2024-08-14T23:03:28.123Z'}"
66bcb3acc2bf9a8a4fb322dd,66bb5a8abf79a4703261ac7f,"{'0': {'PageLoad': '2024-08-14T22:54:18.928Z'}, '1': {'FluencyInput': [{'id': 0, 'iid': 0, 'name': 'Friday ', 'time': '2024-08-14T22:54:26.892Z'}, {'id': 1, 'iid': 1, 'name': 'friend', 'time': '2024-08-14T22:54:30.757Z'}, {'id': 2, 'iid': 2, 'name': 'future', 'time': '2024-08-14T22:54:39.670Z'}, {'id': 3, 'iid': 3, 'name': 'ferry', 'time': '2024-08-14T22:54:49.953Z'}, {'id': 4, 'iid': 4, 'name': 'football', 'time': '2024-08-14T22:54:58.744Z'}]}, '2': {'HideTime': 0}, '3': 'coach', '4': {'How Creative?': '100', 'Increased AI use makes you feel': 'Equally excited and concerned'}, '5': {'PageLoad': '2024-08-14T22:56:12.459Z'}, '6': {'Round': 'practice', 'Prompt': 'pit', 'onTime': False, 'Response': 'gun/war/world'}, '7': {'Round': 'practice', 'Prompt': 'door', 'onTime': True, 'Response': 'try/hand/laptop'}, '8': {'Round': 'practice', 'Prompt': 'blue', 'onTime': True, 'Response': 'page/apple/fly'}, '9': {'Round': 'test', 'Prompt': 'candle', 'onTime': True, 'Response': 'shine/day/tac'}, '10': {'HideTime': 0}, 'hitId': '66bcb3acc2bf9a8a4fb322dd', 'feedback': {'q1': 'Somewhat difficult', 'q2': 'More concerned than excited', 'q3': 'Agree', 'q4': 'A little helpful', 'q6': 'sinonyms ', 'q7': 'no any technical issues', 'sliderValue': '100'}, 'workerId': '66bb5a8abf79a4703261ac7f', 'assignmentId': '66bd35549407f26f5610c788', 'ts_submitted_': '2024-08-14T23:05:10.864Z'}"
66bcb3acc2bf9a8a4fb322dd,62ace174fdaa82e4ff8e5c3e,"{'0': {'PageLoad': '2024-08-14T22:48:34.631Z'}, '1': {'FluencyInput': [{'id': 0, 'iid': 0, 'name': 'flower', 'time': '2024-08-14T22:48:43.853Z'}, {'id': 3, 'iid': 3, 'name': 'flour', 'time': '2024-08-14T22:48:52.189Z'}, {'id': 4, 'iid': 4, 'name': 'five', 'time': '2024-08-14T22:48:55.164Z'}, {'id': 5, 'iid': 5, 'name': 'four', 'time': '2024-08-14T22:48:57.803Z'}, {'id': 6, 'iid': 6, 'name': 'fifty', 'time': '2024-08-14T22:49:01.435Z'}, {'id': 7, 'iid': 7, 'name': 'fun', 'time': '2024-08-14T22:49:04.392Z'}, {'id': 8, 'iid': 8, 'name': 'faint', 'time': '2024-08-14T22:49:08.696Z'}, {'id': 9, 'iid': 9, 'name': 'faun', 'time': '2024-08-14T22:49:11.905Z'}, {'id': 10, 'iid': 10, 'name': 'faucet', 'time': '2024-08-14T22:49:14.792Z'}, {'id': 11, 'iid': 11, 'name': 'french', 'time': '2024-08-14T22:49:17.370Z'}, {'id': 12, 'iid': 12, 'name': 'fry', 'time': '2024-08-14T22:49:19.080Z'}, {'id': 13, 'iid': 13, 'name': 'fold', 'time': '2024-08-14T22:49:19.905Z'}, {'id': 14, 'iid': 14, 'name': 'fear', 'time': '2024-08-14T22:49:21.637Z'}, {'id': 15, 'iid': 15, 'name': 'fork', 'time': '2024-08-14T22:49:23.574Z'}, {'id': 16, 'iid': 16, 'name': 'friend', 'time': '2024-08-14T22:49:25.659Z'}, {'id': 17, 'iid': 17, 'name': 'front', 'time': '2024-08-14T22:49:31.284Z'}, {'id': 18, 'iid': 18, 'name': 'fruit', 'time': '2024-08-14T22:49:34.441Z'}]}, '2': {'HideTime': 0}, '3': 'absent', '4': {'How Creative?': '58', 'Increased AI use makes you feel': 'More concerned than excited'}, '5': {'PageLoad': '2024-08-14T22:52:54.597Z'}, '6': {'Round': 'practice', 'Prompt': 'pit', 'onTime': False, 'Response': 'jam'}, '7': {'Round': 'practice', 'Prompt': 'door', 'onTime': True, 'Response': 'door'}, '8': {'Round': 'practice', 'Prompt': 'blue', 'onTime': False, 'Response': 'black'}, '9': {'Round': 'test', 'Prompt': 'candle', 'onTime': True, 'Response': 'candle'}, '10': {'HideTime': 0}, 'hitId': '66bcb3acc2bf9a8a4fb322dd', 'feedback': {'q1': 'Somewhat difficult', 'q2': 'Equally excited and concerned', 'q3': 'Agree', 'q4': 'A little helpful', 'q6': 'Just thinking what I know of', 'q7': 'No', 'sliderValue': '58'}, 'workerId': '62ace174fdaa82e4ff8e5c3e', 'assignmentId': '66bd33dd2e0bf2bc895a977c', 'ts_submitted_': '2024-08-14T23:05:25.042Z'}"
